{
  "prepare_queue": {
    "installed": [],
    "uninstalled": []
  },
  "config_munge": {
    "files": {
      "res/xml/config.xml": {
        "parents": {
          "/*": [
            {
              "xml": "<feature name=\"Whitelist\"><param name=\"android-package\" value=\"org.apache.cordova.whitelist.WhitelistPlugin\" /><param name=\"onload\" value=\"true\" /></feature>",
              "count": 1
            },
            {
              "xml": "<feature name=\"CordovaZohoDeskPortal\"><param name=\"android-package\" value=\"com.zoho.desk.portal.CordovaZohoDeskPortal\" /></feature>",
              "count": 1
            }
          ]
        }
      }
    }
  },
  "installed_plugins": {
    "cordova-plugin-whitelist": {
      "PACKAGE_NAME": "deskexmaple.zoho.com.deskexampleapp"
    },
    "cordova-plugin-zohodesk-portal": {
      "PACKAGE_NAME": "deskexmaple.zoho.com.deskexampleapp"
    }
  },
  "dependent_plugins": {},
  "modules": [
    {
      "id": "cordova-plugin-zohodesk-portal.CordovaZohoDeskPortal",
      "file": "plugins/cordova-plugin-zohodesk-portal/www/CordovaZohoDeskPortal.js",
      "pluginId": "cordova-plugin-zohodesk-portal",
      "clobbers": [
        "cordova.plugins.CordovaZohoDeskPortal"
      ]
    }
  ],
  "plugin_metadata": {
    "cordova-plugin-whitelist": "1.3.4",
    "cordova-plugin-zohodesk-portal": "0.1.0"
  }
}
